city,2016 population,source,2017 population,source,2018 population,source
New York,8.469 million,https://www.google.com/search?q=2016+new+york+population&sca_esv=81d5b100b0acc6c3&sca_upv=1&sxsrf=ADLYWIKA4Dwus8CZexqSz1xdp0cemdPU2g%3A1723414153422&ei=iTa5ZsDAGfWzhbIP_7HAkAc&ved=0ahUKEwiAqamD-u2HAxX1WUEAHf8YEHIQ4dUDCBA&uact=5&oq=2016+new+york+population&gs_lp=Egxnd3Mtd2l6LXNlcnAiGDIwMTYgbmV3IHlvcmsgcG9wdWxhdGlvbjIEECMYJzIKEAAYBxgIGAoYHjIIEAAYBRgHGB4yBhAAGAgYHjIIEAAYgAQYogQyCBAAGIAEGKIEMggQABiABBiiBEiPJlCWCFj2InADeAGQAQCYAfQCoAHzF6oBBTItNy4zuAEDyAEA-AEBmAIHoAKVCcICChAAGLADGNYEGEfCAgsQABiABBiGAxiKBcICBxAjGLACGCfCAggQABgIGA0YHsICCBAhGKABGMMEwgIIEAAYBxgIGB6YAwDiAwUSATEgQIgGAZAGCJIHBTMuMC40oAe0Qw&sclient=gws-wiz-serp,8.438 million,https://www.google.com/search?q=2017+new+york+population&sca_esv=81d5b100b0acc6c3&sca_upv=1&sxsrf=ADLYWIKCjhbhcAWEFCQDj_SE0kKU19ixyQ%3A1723414186929&ei=qja5Zq2xOJi2hbIPxOCrsQE&ved=0ahUKEwitrqaT-u2HAxUYW0EAHUTwKhYQ4dUDCBA&uact=5&oq=2017+new+york+population&gs_lp=Egxnd3Mtd2l6LXNlcnAiGDIwMTcgbmV3IHlvcmsgcG9wdWxhdGlvbjIEECMYJzIGEAAYCBgeMgsQABiABBiGAxiKBTILEAAYgAQYhgMYigUyCxAAGIAEGIYDGIoFMggQABiABBiiBEjgG1CtCVjQF3ACeAGQAQCYAbkCoAGRB6oBBTItMS4yuAEDyAEA-AEBmAIFoAKiB8ICChAAGLADGNYEGEfCAgYQABgHGB7CAggQABgHGAgYHpgDAIgGAZAGCJIHBzIuMC4xLjKgB7cT&sclient=gws-wiz-serp,8.397 million,https://www.google.com/search?q=2018+new+york+population&sca_esv=81d5b100b0acc6c3&sca_upv=1&sxsrf=ADLYWIJ51INMzYXC9e8oK4kX1x82qYiUkw%3A1723414233979&ei=2Ta5ZpjDO82rhbIP6uzJ6Ao&ved=0ahUKEwjYk96p-u2HAxXNVUEAHWp2Eq0Q4dUDCBA&uact=5&oq=2018+new+york+population&gs_lp=Egxnd3Mtd2l6LXNlcnAiGDIwMTggbmV3IHlvcmsgcG9wdWxhdGlvbjIKEAAYsAMY1gQYRzIKEAAYsAMY1gQYRzIKEAAYsAMY1gQYRzIKEAAYsAMY1gQYRzIKEAAYsAMY1gQYRzIKEAAYsAMY1gQYRzIKEAAYsAMY1gQYRzIKEAAYsAMY1gQYR0ijeVAAWABwAXgBkAEAmAEAoAEAqgEAuAEDyAEAmAIBoAIDmAMAiAYBkAYIkgcBMaAHAA&sclient=gws-wiz-serp
Chicago,2.716 million,https://www.google.com/search?q=2016+ochicago+population&sca_esv=81d5b100b0acc6c3&sca_upv=1&sxsrf=ADLYWIJzQhW-Q4xFzFSENd-HiUV5o_h3Hg%3A1723414111453&ei=Xza5Zsu2G4GHhbIP-IbKyQ8&ved=0ahUKEwiL4qfv-e2HAxWBQ0EAHXiDMvkQ4dUDCBA&uact=5&oq=2016+ochicago+population&gs_lp=Egxnd3Mtd2l6LXNlcnAiGDIwMTYgb2NoaWNhZ28gcG9wdWxhdGlvbjIHECMYsAIYJzIIEAAYCBgNGB4yCBAAGKIEGIkFMggQABiABBiiBDIIEAAYogQYiQUyCBAAGIAEGKIEMggQABiABBiiBEiiH1C6B1jLG3ABeAGQAQCYAcgCoAH_EqoBBTItNC40uAEDyAEA-AEBmAIEoAKGB8ICChAAGLADGNYEGEfCAggQIRigARjDBJgDAIgGAZAGCJIHBzEuMC4yLjGgB_kx&sclient=gws-wiz-serp,2.71 million,https://www.google.com/search?q=2017+chicago+population&sca_esv=81d5b100b0acc6c3&sca_upv=1&sxsrf=ADLYWIIY4_MIYPM_yEnVqhi7bEZhmjReZQ%3A1723410056053&ei=iCa5ZtHwAtuHhbIP992PwAs&ved=0ahUKEwjR1MXh6u2HAxXbQ0EAHffuA7gQ4dUDCBA&uact=5&oq=2017+chicago+population&gs_lp=Egxnd3Mtd2l6LXNlcnAiFzIwMTcgY2hpY2FnbyBwb3B1bGF0aW9uMgYQABgIGB4yCBAAGIAEGKIEMggQABiiBBiJBTIIEAAYgAQYogQyCBAAGKIEGIkFMggQABiABBiiBEiFdlDwCVjnbnABeAGQAQCYAbYCoAHlBKoBAzMtMrgBA8gBAPgBAZgCA6AC7wTCAgoQABiwAxjWBBhHwgIIEAAYBxgeGA_CAggQABgHGAgYHpgDAIgGAZAGCJIHBTEuMy0yoAf2Cw&sclient=gws-wiz-serp,2.701 million,https://www.google.com/search?q=2018+chicago+population&sca_esv=81d5b100b0acc6c3&sca_upv=1&sxsrf=ADLYWIKH2t9l_PcGm0TP9sqO4940PoQcbw%3A1723410111646&ei=vya5ZvuVJ4ewhbIP8cjR0AM&ved=0ahUKEwi78Yb86u2HAxUHWEEAHXFkFDoQ4dUDCBA&uact=5&oq=2018+chicago+population&gs_lp=Egxnd3Mtd2l6LXNlcnAiFzIwMTggY2hpY2FnbyBwb3B1bGF0aW9uMgYQABgIGB4yCxAAGIAEGIYDGIoFMgsQABiABBiGAxiKBTIIEAAYogQYiQUyCBAAGIAEGKIEMggQABiiBBiJBTIIEAAYgAQYogRIxtsGULHUBliB1wZwA3gBkAEAmAG9AqAB9gSqAQMzLTK4AQPIAQD4AQGYAgWgAoYFwgIKEAAYsAMY1gQYR8ICCBAAGAcYHhgPwgIIEAAYBxgIGB6YAwCIBgGQBgiSBwUzLjMtMqAHnww&sclient=gws-wiz-serp
Los Angeles,3.958 million,https://www.google.com/search?q=2016+los+angeles+population&sca_esv=81d5b100b0acc6c3&sca_upv=1&sxsrf=ADLYWIJz2Fu9fGG5YYRrMLsyD3ig_61NIw%3A1723410874415&ei=uim5ZumJGYe0hbIPna_auAQ&ved=0ahUKEwjpzuLn7e2HAxUHWkEAHZ2XFkcQ4dUDCBA&uact=5&oq=2016+los+angeles+population&gs_lp=Egxnd3Mtd2l6LXNlcnAiGzIwMTYgbG9zIGFuZ2VsZXMgcG9wdWxhdGlvbjIGEAAYCBgeMgsQABiABBiGAxiKBTILEAAYgAQYhgMYigUyCBAAGIAEGKIEMggQABiABBiiBDIIEAAYgAQYogQyCBAAGIAEGKIESNcaUJ4LWOsQcAF4AZABAJgBzgOgAaMGqgEFMy0xLjG4AQPIAQD4AQGYAgOgAq0GwgIKEAAYsAMY1gQYR8ICCBAAGAcYCBgemAMAiAYBkAYIkgcHMS4zLTEuMaAHwQs&sclient=gws-wiz-serp,3.975 million,https://www.google.com/search?q=2017+los+angeles+population&sca_esv=81d5b100b0acc6c3&sca_upv=1&sxsrf=ADLYWILTxGjCTYq6PjhA3P8Q8U36dAUuoA%3A1723410818476&ei=gim5ZpnlHMaphbIPxtim8AU&ved=0ahUKEwiZrozN7e2HAxXGVEEAHUasCV4Q4dUDCBA&uact=5&oq=2017+los+angeles+population&gs_lp=Egxnd3Mtd2l6LXNlcnAiGzIwMTcgbG9zIGFuZ2VsZXMgcG9wdWxhdGlvbjIGEAAYCBgeMggQABiABBiiBDIIEAAYgAQYogRI1CVQ5xhY6xtwA3gBkAEAmAG8AqAB4gSqAQUyLTEuMbgBA8gBAPgBAZgCBaAC9QTCAgoQABiwAxjWBBhHwgIIEAAYBxgIGB6YAwCIBgGQBgiSBwczLjAuMS4xoAfiCQ&sclient=gws-wiz-serp,3.981 million,https://www.google.com/search?q=2018+los+angeles+population&sca_esv=81d5b100b0acc6c3&sca_upv=1&sxsrf=ADLYWIJjBw-_crCWOG-futBQLDtCO2rHxQ%3A1723410675969&ei=8yi5ZvHqOsCmhbIPqO-EoAg&ved=0ahUKEwixsJKJ7e2HAxVAU0EAHag3AYQQ4dUDCBA&uact=5&oq=2018+los+angeles+population&gs_lp=Egxnd3Mtd2l6LXNlcnAiGzIwMTggbG9zIGFuZ2VsZXMgcG9wdWxhdGlvbjIGEAAYCBgeMggQABiABBiiBDIIEAAYgAQYogQyCBAAGIAEGKIESMeRAVCeGViNeHACeAGQAQCYAboEoAHyMKoBCTItOS44LjEuMbgBA8gBAPgBAZgCCaAC5BHCAgoQABiwAxjWBBhHwgIGEAAYBxgewgIIEAAYBxgIGB7CAgoQIRigARjDBBgKmAMAiAYBkAYIkgcJMi4wLjUuMS4xoAe8cw&sclient=gws-wiz-serp
Miami,"448,789",https://www.google.com/search?q=2016+miami+population&sca_esv=81d5b100b0acc6c3&sca_upv=1&sxsrf=ADLYWIKq7KV2Khzfdw5U1uP7UgEGLnADSA%3A1723410939879&ei=-ym5Zt-qNfakhbIPnYyIQA&ved=0ahUKEwiflP6G7u2HAxV2UkEAHR0GAggQ4dUDCBA&uact=5&oq=2016+miami+population&gs_lp=Egxnd3Mtd2l6LXNlcnAiFTIwMTYgbWlhbWkgcG9wdWxhdGlvbjIIECEYoAEYwwQyCBAhGKABGMMEMggQIRigARjDBDIIECEYoAEYwwRIlC5QyRBYnypwAXgBkAEAmAHrAqAB1yWqAQUyLTkuN7gBA8gBAPgBAZgCA6ACxQTCAgoQABiwAxjWBBhHwgIGEAAYBxgemAMAiAYBkAYIkgcFMS4wLjKgB-Fh&sclient=gws-wiz-serp,"455,925",https://www.google.com/search?q=2017+miami+population&sca_esv=81d5b100b0acc6c3&sca_upv=1&sxsrf=ADLYWIJ9YlJWzOA66QhRrztgMCMTbvx6GA%3A1723410989845&ei=LSq5Zu6pM7WthbIP0pOokAI&ved=0ahUKEwiu9Oee7u2HAxW1VkEAHdIJCiIQ4dUDCBA&uact=5&oq=2017+miami+population&gs_lp=Egxnd3Mtd2l6LXNlcnAiFTIwMTcgbWlhbWkgcG9wdWxhdGlvbjIIEAAYgAQYogQyCBAAGIAEGKIEMggQABiABBiiBEiwHFD6EFjlE3ABeAGQAQCYAcECoAHuBKoBAzMtMrgBA8gBAPgBAZgCA6AC-ATCAgoQABiwAxjWBBhHwgIIEAAYBxgIGB7CAgsQABiABBiGAxiKBcICCBAAGKIEGIkFmAMAiAYBkAYIkgcFMS4zLTKgB4kJ&sclient=gws-wiz-serp,"461,962",https://www.google.com/search?q=2018+miami+population&sca_esv=81d5b100b0acc6c3&sca_upv=1&sxsrf=ADLYWIILDBE9H1QdS1QGKZx1KtX5jr6GTg%3A1723411027093&ei=Uyq5ZvuwBeaohbIPm8Sk8QM&ved=0ahUKEwi7psmw7u2HAxVmVEEAHRsiKT4Q4dUDCBA&uact=5&oq=2018+miami+population&gs_lp=Egxnd3Mtd2l6LXNlcnAiFTIwMTggbWlhbWkgcG9wdWxhdGlvbjIIEAAYgAQYogQyCBAAGIAEGKIEMggQABiABBiiBDIIEAAYgAQYogQyCBAAGIAEGKIESOYUUJMJWNIMcAF4AZABAJgBwQKgAf4EqgEDMy0yuAEDyAEA-AEBmAIDoAKHBcICChAAGLADGNYEGEfCAggQABgHGAgYHsICCxAAGIAEGIYDGIoFwgIIEAAYogQYiQWYAwCIBgGQBgiSBwUxLjMtMqAHigo&sclient=gws-wiz-serp
Silicon Valley,3.5 million,https://www.google.com/search?q=2016+silicon+valley+population&sca_esv=81d5b100b0acc6c3&sca_upv=1&sxsrf=ADLYWIL6jtvmy_7-3qVJxt5wQeSHeIvOsA%3A1723411125587&ei=tSq5ZsDOI4uqhbIPh5qYmAw&ved=0ahUKEwiA_cTf7u2HAxULVUEAHQcNBsMQ4dUDCBA&uact=5&oq=2016+silicon+valley+population&gs_lp=Egxnd3Mtd2l6LXNlcnAiHjIwMTYgc2lsaWNvbiB2YWxsZXkgcG9wdWxhdGlvbjIIEAAYgAQYogQyCBAAGIAEGKIEMggQABiABBiiBEiBFFC7B1iiDXABeAGQAQCYAbUCoAHhBKoBAzMtMrgBA8gBAPgBAZgCA6AC5wTCAgoQABiwAxjWBBhHmAMAiAYBkAYIkgcFMS4zLTKgB7oE&sclient=gws-wiz-serp,3.51 million,https://www.google.com/search?q=2016+silicon+valley+population&sca_esv=81d5b100b0acc6c3&sca_upv=1&sxsrf=ADLYWIL6jtvmy_7-3qVJxt5wQeSHeIvOsA%3A1723411125587&ei=tSq5ZsDOI4uqhbIPh5qYmAw&ved=0ahUKEwiA_cTf7u2HAxULVUEAHQcNBsMQ4dUDCBA&uact=5&oq=2016+silicon+valley+population&gs_lp=Egxnd3Mtd2l6LXNlcnAiHjIwMTYgc2lsaWNvbiB2YWxsZXkgcG9wdWxhdGlvbjIIEAAYgAQYogQyCBAAGIAEGKIEMggQABiABBiiBEiBFFC7B1iiDXABeAGQAQCYAbUCoAHhBKoBAzMtMrgBA8gBAPgBAZgCA6AC5wTCAgoQABiwAxjWBBhHmAMAiAYBkAYIkgcFMS4zLTKgB7oE&sclient=gws-wiz-serp,3.52 million,https://www.google.com/search?q=2016+silicon+valley+population&sca_esv=81d5b100b0acc6c3&sca_upv=1&sxsrf=ADLYWIL6jtvmy_7-3qVJxt5wQeSHeIvOsA%3A1723411125587&ei=tSq5ZsDOI4uqhbIPh5qYmAw&ved=0ahUKEwiA_cTf7u2HAxULVUEAHQcNBsMQ4dUDCBA&uact=5&oq=2016+silicon+valley+population&gs_lp=Egxnd3Mtd2l6LXNlcnAiHjIwMTYgc2lsaWNvbiB2YWxsZXkgcG9wdWxhdGlvbjIIEAAYgAQYogQyCBAAGIAEGKIEMggQABiABBiiBEiBFFC7B1iiDXABeAGQAQCYAbUCoAHhBKoBAzMtMrgBA8gBAPgBAZgCA6AC5wTCAgoQABiwAxjWBBhHmAMAiAYBkAYIkgcFMS4zLTKgB7oE&sclient=gws-wiz-serp
Orange County,3.164 million,https://www.google.com/search?q=2016+orange+county+population&sca_esv=81d5b100b0acc6c3&sca_upv=1&sxsrf=ADLYWIJaoI-K0PpnNCQmS-XqEw6Wk38cHg%3A1723414076225&ei=PDa5Zv26DdilhbIPtsyzgAQ&ved=0ahUKEwj9yMHe-e2HAxXYUkEAHTbmDEAQ4dUDCBA&uact=5&oq=2016+orange+county+population&gs_lp=Egxnd3Mtd2l6LXNlcnAiHTIwMTYgb3JhbmdlIGNvdW50eSBwb3B1bGF0aW9uMgQQIxgnMggQABiABBiiBDIIEAAYgAQYogQyCBAAGIAEGKIEMggQABiiBBiJBTIIEAAYogQYiQVI0BtQhQ9YwBVwAXgBkAEAmAG3AqAB5gSqAQMzLTK4AQPIAQD4AQGYAgOgAvQEwgIKEAAYsAMY1gQYR5gDAIgGAZAGCJIHBTEuMy0yoAf0Bw&sclient=gws-wiz-serp,3.174 million ,https://www.google.com/search?q=2017+orange+county+population&sca_esv=81d5b100b0acc6c3&sca_upv=1&sxsrf=ADLYWILut2IOfjuiQjfhlWYeumUnybMGOQ%3A1723414049991&ei=ITa5ZrOePKeehbIP0r2XqQQ&ved=0ahUKEwjzsoDS-e2HAxUnT0EAHdLeJUUQ4dUDCBA&uact=5&oq=2017+orange+county+population&gs_lp=Egxnd3Mtd2l6LXNlcnAiHTIwMTcgb3JhbmdlIGNvdW50eSBwb3B1bGF0aW9uMgQQIxgnMggQABiiBBiJBTIIEAAYogQYiQUyCBAAGIAEGKIEMggQABiiBBiJBTIIEAAYgAQYogRIuBtQrAtYsA5wAXgBkAEAmAH9AqABowWqAQUyLTEuMbgBA8gBAPgBAZgCA6ACrAXCAgoQABiwAxjWBBhHmAMAiAYBkAYIkgcHMS4wLjEuMaAH0gc&sclient=gws-wiz-serp,3.176 million,https://www.google.com/search?q=2018+orange+county+population&sca_esv=81d5b100b0acc6c3&sca_upv=1&sxsrf=ADLYWILTxGjCTYq6PjhA3P8Q8U36dAUuoA%3A1723410818476&ei=gim5ZpnlHMaphbIPxtim8AU&ved=0ahUKEwiZrozN7e2HAxXGVEEAHUasCV4Q4dUDCBA&uact=5&oq=2018+orange+county+population&gs_lp=Egxnd3Mtd2l6LXNlcnAiHTIwMTggb3JhbmdlIGNvdW50eSBwb3B1bGF0aW9uMgQQIxgnMggQABiABBiiBDIIEAAYgAQYogQyCBAAGIAEGKIEMggQABiABBiiBEiQPVC4D1jIOnABeAGQAQGYAaoEoAHoKKoBCTItOS41LjEuMbgBA8gBAPgBAZgCBqACuwvCAgoQABiwAxjWBBhHwgIHEAAYgAQYDcICCBAAGAcYCBgewgIGEAAYBxgewgIKECEYoAEYwwQYCsICBxAjGLACGCeYAwCIBgGQBgiSBwcxLjAuNC4xoAfaYA&sclient=gws-wiz-serp
San Diego,1.4 million,https://www.google.com/search?q=2016+san+diego+population&sca_esv=81d5b100b0acc6c3&sca_upv=1&sxsrf=ADLYWIJzjy_J4d0LwVorFuJU0a94VS5W4A%3A1723411133652&ei=vSq5Zqm_J9ethbIP_cGW4AI&ved=0ahUKEwjpkbHj7u2HAxXXVkEAHf2gBSwQ4dUDCBA&uact=5&oq=2016+san+diego+population&gs_lp=Egxnd3Mtd2l6LXNlcnAiGTIwMTYgc2FuIGRpZWdvIHBvcHVsYXRpb24yCBAhGKABGMMEMggQIRigARjDBDIIECEYoAEYwwQyCBAhGKABGMMESJ0uUMgJWP0ocAN4AZABAJgBvQOgAZwdqgEHMi0zLjcuMbgBA8gBAPgBAZgCB6AC6QnCAgoQABiwAxjWBBhHwgIKECEYoAEYwwQYCsICBBAhGAqYAwCIBgGQBgiSBwczLjAuMi4yoAfRRg&sclient=gws-wiz-serp,1.41 million,https://www.google.com/search?q=2017+san+diego+population&sca_esv=81d5b100b0acc6c3&sca_upv=1&sxsrf=ADLYWILQQnjqfiYX4EZuZiiI5mDV9SFQUA%3A1723411365549&ei=pSu5ZvibIYvJhbIPpPaS6Q4&ved=0ahUKEwi4gvvR7-2HAxWLZEEAHSS7JO0Q4dUDCBA&uact=5&oq=2017+san+diego+population&gs_lp=Egxnd3Mtd2l6LXNlcnAiGTIwMTcgc2FuIGRpZWdvIHBvcHVsYXRpb24yCBAAGIAEGKIEMggQABiABBiiBDIIEAAYgAQYogQyCBAAGIAEGKIESNrUAVCpxwFY2coBcAN4AZABAZgBhAegAdEKqgEHNC0xLjAuMbgBA8gBAPgBAZgCBKAC3QPCAgoQABiwAxjWBBhHmAMAiAYBkAYIkgcFMy40LTGgB4YJ&sclient=gws-wiz-serp,1.42 million,https://www.google.com/search?q=2018+san+diego+population&sca_esv=81d5b100b0acc6c3&sca_upv=1&sxsrf=ADLYWIIbzD6WMC-iNjTQ7oQ0VYk8NPMOGw%3A1723411410293&ei=0iu5ZsbLEcu1hbIP86L_UA&ved=0ahUKEwjG_KXn7-2HAxXLWkEAHXPRHwoQ4dUDCBA&uact=5&oq=2018+san+diego+population&gs_lp=Egxnd3Mtd2l6LXNlcnAiGTIwMTggc2FuIGRpZWdvIHBvcHVsYXRpb24yCBAAGIAEGKIEMggQABiABBiiBDIIEAAYgAQYogQyCBAAGIAEGKIEMggQABiABBiiBEjKK1DCCFjgC3ABeAGQAQCYAesCoAHDBaoBAzMtMrgBA8gBAPgBAZgCA6AC0AXCAgoQABiwAxjWBBhHwgIIEAAYBxgIGB7CAgoQABgHGAgYHhgPwgILEAAYgAQYhgMYigWYAwCIBgGQBgiSBwUxLjMtMqAHgAo&sclient=gws-wiz-serp
Phoenix,1.612 million ,https://www.google.com/search?q=2016+phoenix+population&sca_esv=81d5b100b0acc6c3&sca_upv=1&sxsrf=ADLYWIKbABkJ3K4273w4tNczxYKoKAPq7w%3A1723411593127&ei=iSy5ZsS0B9uHhbIP992PwAs&ved=0ahUKEwiEnb2-8O2HAxXbQ0EAHffuA7gQ4dUDCBA&uact=5&oq=2016+phoenix+population&gs_lp=Egxnd3Mtd2l6LXNlcnAiFzIwMTYgcGhvZW5peCBwb3B1bGF0aW9uMggQABiABBiiBDIIEAAYgAQYogQyCBAAGIAEGKIEMggQABiABBiiBEjvFVDLCViJDXABeAGQAQCYAb4CoAHuBKoBAzMtMrgBA8gBAPgBAZgCA6AC-ATCAgoQABiwAxjWBBhHwgIIEAAYBxgIGB7CAgsQABiABBiGAxiKBZgDAIgGAZAGCJIHBTEuMy0yoAfnCQ&sclient=gws-wiz-serp,1.634 million,https://www.google.com/search?q=2018+phoenix+population&sca_esv=81d5b100b0acc6c3&sca_upv=1&sxsrf=ADLYWIIEPsMZimTaE7wtqgIeKHycV-bcZg%3A1723411462918&ei=Biy5ZpjcN5OkhbIP0oGjkAE&ved=0ahUKEwiY97GA8O2HAxUTUkEAHdLACBIQ4dUDCBA&uact=5&oq=2018+phoenix+population&gs_lp=Egxnd3Mtd2l6LXNlcnAiFzIwMTggcGhvZW5peCBwb3B1bGF0aW9uMgYQABgIGB4yCBAAGIAEGKIEMggQABiABBiiBEjgf1DFEViNb3AHeAGQAQCYAYcDoAHaMaoBBzItMTEuMTC4AQPIAQD4AQGYAg-gAtQSwgIKEAAYsAMY1gQYR8ICBhAAGAcYHsICCBAAGAcYCBgewgIIECEYoAEYwwTCAggQABgIGA0YHsICChAAGAcYCBgKGB7CAgsQABiABBiGAxiKBZgDAIgGAZAGCJIHBzcuMC41LjOgB71a&sclient=gws-wiz-serp,1.655 million,https://www.google.com/search?q=2018+phoenix+population&sca_esv=81d5b100b0acc6c3&sca_upv=1&sxsrf=ADLYWIIEPsMZimTaE7wtqgIeKHycV-bcZg%3A1723411462918&ei=Biy5ZpjcN5OkhbIP0oGjkAE&ved=0ahUKEwiY97GA8O2HAxUTUkEAHdLACBIQ4dUDCBA&uact=5&oq=2018+phoenix+population&gs_lp=Egxnd3Mtd2l6LXNlcnAiFzIwMTggcGhvZW5peCBwb3B1bGF0aW9uMgYQABgIGB4yCBAAGIAEGKIEMggQABiABBiiBEjgf1DFEViNb3AHeAGQAQCYAYcDoAHaMaoBBzItMTEuMTC4AQPIAQD4AQGYAg-gAtQSwgIKEAAYsAMY1gQYR8ICBhAAGAcYHsICCBAAGAcYCBgewgIIECEYoAEYwwTCAggQABgIGA0YHsICChAAGAcYCBgKGB7CAgsQABiABBiGAxiKBZgDAIgGAZAGCJIHBzcuMC41LjOgB71a&sclient=gws-wiz-serp
Dallas,1.324 million,https://www.google.com/search?q=2016+dallas+population&sca_esv=81d5b100b0acc6c3&sca_upv=1&sxsrf=ADLYWIJmKDjblMJPTpUPz4b7CgDsoZCo6w%3A1723411648251&ei=wCy5Zq-FD6jYhbIPlJahiQ0&ved=0ahUKEwiv5eHY8O2HAxUobEEAHRRLKNEQ4dUDCBA&uact=5&oq=2016+dallas+population&gs_lp=Egxnd3Mtd2l6LXNlcnAiFjIwMTYgZGFsbGFzIHBvcHVsYXRpb24yCBAAGAgYHhgPMggQABgIGB4YDzILEAAYgAQYhgMYigUyCxAAGIAEGIYDGIoFMgsQABiABBiGAxiKBTIIEAAYgAQYogQyCBAAGIAEGKIEMggQABiABBiiBEjsU1DiEFi8MXADeAGQAQCYAfACoAHSIKoBBjItMTEuM7gBA8gBAPgBAZgCCKAC2AvCAgoQABiwAxjWBBhHwgIGEAAYBxgewgIIEAAYBxgeGA_CAggQABgHGAgYHsICChAAGAcYCBgeGA_CAgoQABgIGA0YHhgPmAMAiAYBkAYIkgcHMy4wLjQuMaAHg1Q&sclient=gws-wiz-serp,1.342 million,https://www.google.com/search?q=2017+dallas+population&sca_esv=81d5b100b0acc6c3&sca_upv=1&sxsrf=ADLYWIKUydz86Is7I9mS1A90sT3ZsRp0-A%3A1723411682531&ei=4iy5ZvGVIIKKhbIPq7aKkAU&ved=0ahUKEwjxjo7p8O2HAxUCRUEAHSubAlIQ4dUDCBA&uact=5&oq=2017+dallas+population&gs_lp=Egxnd3Mtd2l6LXNlcnAiFjIwMTcgZGFsbGFzIHBvcHVsYXRpb24yCBAAGIAEGKIEMggQABiABBiiBDIIEAAYgAQYogQyCBAAGIAEGKIEMggQABiABBiiBEiqFlCbDVihEHACeAGQAQCYAckCoAGFBaoBAzMtMrgBA8gBAPgBAZgCBKAClgXCAgoQABiwAxjWBBhHwgIGEAAYBxgewgIKEAAYBxgIGB4YD8ICCxAAGIAEGIYDGIoFmAMAiAYBkAYIkgcFMi4zLTKgB7UL&sclient=gws-wiz-serp,1.342 million,https://www.google.com/search?q=2018+dallas+population&sca_esv=81d5b100b0acc6c3&sca_upv=1&sxsrf=ADLYWIJ_AB-umxYm7CAf_qdTO_rQ4GutQw%3A1723411835606&ei=ey25ZrveJOnPhbIPoP7F-QQ&ved=0ahUKEwj7h42y8e2HAxXpZ0EAHSB_MU8Q4dUDCBA&uact=5&oq=2018+dallas+population&gs_lp=Egxnd3Mtd2l6LXNlcnAiFjIwMTggZGFsbGFzIHBvcHVsYXRpb24yCBAAGIAEGKIEMggQABiABBiiBDIIEAAYgAQYogRI6hdQ9ApY-wxwAXgBkAEAmAHSAqABlwWqAQMzLTK4AQPIAQD4AQGYAgKgAswCwgIKEAAYsAMY1gQYR5gDAIgGAZAGCJIHBTEuMy0xoAeRCg&sclient=gws-wiz-serp
Atlanta,"479,590",https://www.google.com/search?q=2016+atlanta+population&sca_esv=81d5b100b0acc6c3&sca_upv=1&sxsrf=ADLYWIK6OXJ_flLfClHPO8AYB2KkN3rXAQ%3A1723411962902&ei=-i25ZoDlNu3OhbIP3M-hgQE&ved=0ahUKEwiAyubu8e2HAxVtZ0EAHdxnKBAQ4dUDCBA&uact=5&oq=2016+atlanta+population&gs_lp=Egxnd3Mtd2l6LXNlcnAiFzIwMTYgYXRsYW50YSBwb3B1bGF0aW9uMggQABgIGB4YDzILEAAYgAQYhgMYigUyCxAAGIAEGIYDGIoFMggQABiiBBiJBTIIEAAYogQYiQUyCBAAGIAEGKIESN4VUMYLWKwMcAF4AZABAJgB1AKgAYkFqgEDMy0yuAEDyAEA-AEBmAICoAK_AsICChAAGLADGNYEGEeYAwCIBgGQBgiSBwUxLjMtMaAH2ww&sclient=gws-wiz-serp,"492,121",https://www.google.com/search?q=2017+atlanta+population&sca_esv=81d5b100b0acc6c3&sca_upv=1&sxsrf=ADLYWIIEQRR0Sx4JfvrX2uQtLjLqvscj4w%3A1723411934228&ei=3i25ZrjLDZ2thbIPtaLSkAE&ved=0ahUKEwi4spDh8e2HAxWdVkEAHTWRFBIQ4dUDCBA&uact=5&oq=2017+atlanta+population&gs_lp=Egxnd3Mtd2l6LXNlcnAiFzIwMTcgYXRsYW50YSBwb3B1bGF0aW9uMggQABiiBBiJBTIIEAAYgAQYogQyCBAAGIAEGKIEMggQABiABBiiBDIIEAAYgAQYogRI5RRQmwlYoAxwAXgBkAEAmAG4AqAB4gSqAQUyLTEuMbgBA8gBAPgBAZgCA6AC7QTCAgoQABiwAxjWBBhHwgIIEAAYBxgIGB7CAgoQABgHGAgYHhgPwgILEAAYgAQYhgMYigWYAwCIBgGQBgiSBwUxLjMtMqAHpAs&sclient=gws-wiz-serp,"498,772",https://www.google.com/search?q=2018+atlanta+population&sca_esv=81d5b100b0acc6c3&sca_upv=1&sxsrf=ADLYWIJALnuEA0WRl9U79RWTse1G9Pb0yg%3A1723411898547&ei=ui25Zq2KIeqXhbIPh4nKgAI&ved=0ahUKEwitz47Q8e2HAxXqS0EAHYeEEiAQ4dUDCBA&uact=5&oq=2018+atlanta+population&gs_lp=Egxnd3Mtd2l6LXNlcnAiFzIwMTggYXRsYW50YSBwb3B1bGF0aW9uMggQIRigARjDBDIIECEYoAEYwwRIwy5QmAhY7CBwAXgBkAEBmAHZBaABlyOqAQsyLTkuMi4wLjEuMbgBA8gBAPgBAZgCBKAC8AbCAgoQABiwAxjWBBhHwgIGEAAYBxgewgIGEAAYCBgewgIIEAAYCBgeGA_CAggQABiABBiiBJgDAIgGAZAGCJIHBTEuMC4zoAeLTg&sclient=gws-wiz-serp
Denver,"696,273",https://www.google.com/search?q=2016+denver+population&sca_esv=81d5b100b0acc6c3&sca_upv=1&sxsrf=ADLYWII0ttM3QPr42uB3EGbvFAGgcEsLmQ%3A1723412010203&ei=Ki65ZqiMDNyGhbIP05z9sAE&ved=0ahUKEwioya2F8u2HAxVcQ0EAHVNOHxYQ4dUDCBA&uact=5&oq=2016+denver+population&gs_lp=Egxnd3Mtd2l6LXNlcnAiFjIwMTYgZGVudmVyIHBvcHVsYXRpb24yCBAhGKABGMMEMggQIRigARjDBDIIECEYoAEYwwQyCBAhGKABGMMESPkxUOQPWLAtcAJ4AZABAJgBxQKgAdUfqgEGMi0xMS4zuAEDyAEA-AEBmAIHoAK_C8ICChAAGLADGNYEGEfCAgcQIxiwAhgnwgIKEAAYBxgIGB4YD8ICCxAAGIAEGIYDGIoFwgIIEAAYogQYiQXCAggQABiABBiiBMICBhAAGAcYHsICChAhGKABGMMEGArCAggQABgHGAgYHsICChAAGAcYCBgKGB6YAwCIBgGQBgiSBwcyLjAuNC4xoAfEag&sclient=gws-wiz-serp,"704,869",https://www.google.com/search?q=2017+denver+population&sca_esv=81d5b100b0acc6c3&sca_upv=1&sxsrf=ADLYWILZSwXmNB77VDwJ-1zk07Hq_ntmxw%3A1723412048463&ei=UC65ZsX_G4bAhbIPiemd6Qg&ved=0ahUKEwjF58yX8u2HAxUGYEEAHYl0J40Q4dUDCBA&uact=5&oq=2017+denver+population&gs_lp=Egxnd3Mtd2l6LXNlcnAiFjIwMTcgZGVudmVyIHBvcHVsYXRpb24yCBAAGIAEGKIEMggQABiABBiiBDIIEAAYgAQYogRI2hxQww9YmhNwAngBkAEAmAG3AqAB4QSqAQUyLTEuMbgBA8gBAPgBAZgCBKAC7ATCAgoQABiwAxjWBBhHwgIGEAAYBxgewgIIEAAYBxgIGB7CAgoQABgHGAgYHhgPwgILEAAYgAQYhgMYigWYAwCIBgGQBgiSBwUyLjMtMqAHjgk&sclient=gws-wiz-serp,"716,340",https://www.google.com/search?q=2018+denver+population&sca_esv=81d5b100b0acc6c3&sca_upv=1&sxsrf=ADLYWIKLTGLCN2KWySaviDu8gYtRpszwRA%3A1723412094401&ei=fi65ZoCcGJOBhbIPr9WWiAQ&ved=0ahUKEwiA08Ct8u2HAxWTQEEAHa-qBUEQ4dUDCBA&uact=5&oq=2018+denver+population&gs_lp=Egxnd3Mtd2l6LXNlcnAiFjIwMTggZGVudmVyIHBvcHVsYXRpb24yBhAAGAgYHjILEAAYgAQYhgMYigUyCxAAGIAEGIYDGIoFMggQABiABBiiBDIIEAAYgAQYogQyCBAAGIAEGKIESKkTUOYKWMQLcAF4AZABAJgBpQKgAcIEqgEDMi0yuAEDyAEA-AEBmAICoAKjAsICChAAGLADGNYEGEeYAwCIBgGQBgiSBwUxLjAuMaAHowo&sclient=gws-wiz-serp
Austin,"939,778",https://www.google.com/search?q=2016+austin+population&sca_esv=81d5b100b0acc6c3&sca_upv=1&sxsrf=ADLYWILVcjbsN3thqb9lL2LL8X0VOt4Uuw%3A1723412265929&ei=KS-5ZrWyOKmjhbIPgee4oQs&ved=0ahUKEwj16qX_8u2HAxWpUUEAHYEzLrQQ4dUDCBA&uact=5&oq=2016+austin+population&gs_lp=Egxnd3Mtd2l6LXNlcnAiFjIwMTYgYXVzdGluIHBvcHVsYXRpb24yChAAGLADGNYEGEcyChAAGLADGNYEGEcyChAAGLADGNYEGEcyChAAGLADGNYEGEcyChAAGLADGNYEGEcyChAAGLADGNYEGEcyChAAGLADGNYEGEcyChAAGLADGNYEGEdI1xlQAFgAcAF4AZABAJgBAKABAKoBALgBA8gBAJgCAaACBJgDAIgGAZAGCJIHATGgBwA&sclient=gws-wiz-serp,"951,610",https://www.google.com/search?q=2017+austin+population&sca_esv=81d5b100b0acc6c3&sca_upv=1&sxsrf=ADLYWIIc5W9uYTTSnKdKnb_f4AO57MzvFA%3A1723412172235&ei=zC65ZtSMDueyhbIPjIev6AU&ved=0ahUKEwjUos_S8u2HAxVnWUEAHYzDC10Q4dUDCBA&uact=5&oq=2017+austin+population&gs_lp=Egxnd3Mtd2l6LXNlcnAiFjIwMTcgYXVzdGluIHBvcHVsYXRpb24yBhAAGAgYHjILEAAYgAQYhgMYigUyCxAAGIAEGIYDGIoFMgsQABiABBiGAxiKBTIIEAAYgAQYogQyCBAAGKIEGIkFMggQABiABBiiBEi8DlDpA1jOBnABeAGQAQCYAcICoAHkBKoBBTItMS4xuAEDyAEA-AEBmAIDoALuBMICChAAGLADGNYEGEfCAggQABgHGB4YD8ICCBAAGAcYCBgewgIKEAAYBxgIGAoYHpgDAIgGAZAGCJIHBzEuMC4xLjGgB-kL&sclient=gws-wiz-serp,"962,800",https://www.google.com/search?q=2018+austin+population&sca_esv=81d5b100b0acc6c3&sca_upv=1&sxsrf=ADLYWII6vXN10Yum_KheH7LX3oq1OIeMPQ%3A1723412132551&ei=pC65ZsmqIc-6hbIP2KHnoAo&ved=0ahUKEwjJjNm_8u2HAxVPXUEAHdjQGaQQ4dUDCBA&uact=5&oq=2018+austin+population&gs_lp=Egxnd3Mtd2l6LXNlcnAiFjIwMTggYXVzdGluIHBvcHVsYXRpb24yCBAAGAgYHhgPMgsQABiABBiGAxiKBTILEAAYgAQYhgMYigUyCxAAGIAEGIYDGIoFMgsQABiABBiGAxiKBTIIEAAYgAQYogQyCBAAGIAEGKIEMggQABiABBiiBDIIEAAYgAQYogRIxzFQnhVY2ixwAngBkAEAmAHyAqABjByqAQUyLTkuM7gBA8gBAPgBAZgCBaAC6AbCAgoQABiwAxjWBBhHwgIGEAAYBxgewgIIEAAYBxgIGB7CAgoQABgHGAgYHhgPmAMAiAYBkAYIkgcFMi4wLjOgB6tU&sclient=gws-wiz-serp
Seattle,"710,687",https://www.google.com/search?q=2016+seattle+population&sca_esv=81d5b100b0acc6c3&sca_upv=1&sxsrf=ADLYWILVcjbsN3thqb9lL2LL8X0VOt4Uuw%3A1723412265929&ei=KS-5ZrWyOKmjhbIPgee4oQs&ved=0ahUKEwj16qX_8u2HAxWpUUEAHYEzLrQQ4dUDCBA&uact=5&oq=2016+seattle+population&gs_lp=Egxnd3Mtd2l6LXNlcnAiFzIwMTYgc2VhdHRsZSBwb3B1bGF0aW9uMggQABgIGB4YDzIIEAAYCBgeGA8yCBAAGKIEGIkFMggQABiABBiiBDIIEAAYgAQYogQyCBAAGIAEGKIEMggQABiABBiiBEieUlDFIliURXADeAGQAQCYAbcCoAHzHKoBBjItMTIuMbgBA8gBAPgBAZgCCKACiwvCAgoQABiwAxjWBBhHwgIGEAAYBxgewgIKEAAYBxgIGB4YD8ICCxAAGIAEGIYDGIoFmAMAiAYBkAYIkgcFMy4wLjWgB6Ji&sclient=gws-wiz-serp,"729,644",https://www.google.com/search?q=2017+seattle+population&sca_esv=81d5b100b0acc6c3&sca_upv=1&sxsrf=ADLYWIJreTj42YPUatYHT39P1zWDRGcMDw%3A1723412315335&ei=Wy-5ZryZFKeehbIPuYScwQ0&ved=0ahUKEwj8su2W8-2HAxUnT0EAHTkCJ9gQ4dUDCBA&uact=5&oq=2017+seattle+population&gs_lp=Egxnd3Mtd2l6LXNlcnAiFzIwMTcgc2VhdHRsZSBwb3B1bGF0aW9uMgYQABgIGB4yCBAAGKIEGIkFMggQABiABBiiBDIIEAAYgAQYogQyCBAAGIAEGKIEMggQABiABBiiBEjvEVDpCFiqDHABeAGQAQCYAboCoAHdBKoBBTItMS4xuAEDyAEA-AEBmAIDoALsBMICChAAGLADGNYEGEfCAggQABgHGAgYHsICChAAGAcYCBgeGA-YAwCIBgGQBgiSBwcxLjAuMS4xoAfLCg&sclient=gws-wiz-serp,"742,889",https://www.google.com/search?q=2018+seattle+population&sca_esv=81d5b100b0acc6c3&sca_upv=1&sxsrf=ADLYWIIzSas0g3sEbSZtpOhFN9zQep_hVg%3A1723412346826&ei=ei-5ZqCVMtaBhbIPl_GFwAc&ved=0ahUKEwiguu-l8-2HAxXWQEEAHZd4AXgQ4dUDCBA&uact=5&oq=2018+seattle+population&gs_lp=Egxnd3Mtd2l6LXNlcnAiFzIwMTggc2VhdHRsZSBwb3B1bGF0aW9uMggQABiABBiiBDIIEAAYgAQYogQyCBAAGIAEGKIEMggQABiABBiiBDIIEAAYgAQYogRIsRJQ0gpY_gxwAXgBkAEAmAHEAqAB4QSqAQUyLTEuMbgBA8gBAPgBAZgCA6AC6wTCAgoQABiwAxjWBBhHwgIIEAAYBxgIGB7CAgoQABgHGAgYHhgPmAMAiAYBkAYIkgcHMS4wLjEuMaAHpwo&sclient=gws-wiz-serp
Tucson,"930,000",https://www.macrotrends.net/global-metrics/cities/23166/tucson/population,"945,000",https://www.macrotrends.net/global-metrics/cities/23166/tucson/population,"960,000",https://www.macrotrends.net/global-metrics/cities/23166/tucson/population
San Francisco,"871,343",https://www.google.com/search?q=2016+san+francisco+population&sca_esv=81d5b100b0acc6c3&sca_upv=1&sxsrf=ADLYWIIybucX6C1qAeQpguQSA0A0aXDzyA%3A1723412777664&ei=KTG5Zr2jKPKchbIPkdjF2QY&ved=0ahUKEwj926fz9O2HAxVyTkEAHRFsMWsQ4dUDCBA&uact=5&oq=2016+san+francisco+population&gs_lp=Egxnd3Mtd2l6LXNlcnAiHTIwMTYgc2FuIGZyYW5jaXNjbyBwb3B1bGF0aW9uMggQABiABBiiBDIIEAAYogQYiQUyCBAAGIAEGKIEMggQABiABBiiBDIIEAAYgAQYogRI4UtQykJYkEdwAXgBkAEAmAG6AqAB2gSqAQUyLTEuMbgBA8gBAPgBAZgCA6AC4wTCAgoQABiwAxjWBBhHwgIIEAAYBxgIGB7CAgoQABgHGAgYHhgPwgILEAAYgAQYhgMYigWYAwCIBgGQBgiSBwcxLjAuMS4xoAeHCg&sclient=gws-wiz-serp,"877,471 ",https://www.google.com/search?q=2017+san+francisco+population&sca_esv=81d5b100b0acc6c3&sca_upv=1&sxsrf=ADLYWIL8Bld57n-iw4OgzSrOwFV6VeEltQ%3A1723412674763&ei=wjC5ZpSrLu2UhbIP84yjkA8&ved=0ahUKEwiUlJ_C9O2HAxVtSkEAHXPGCPIQ4dUDCBA&uact=5&oq=2017+san+francisco+population&gs_lp=Egxnd3Mtd2l6LXNlcnAiHTIwMTcgc2FuIGZyYW5jaXNjbyBwb3B1bGF0aW9uMggQABiABBiiBDIIEAAYgAQYogQyCBAAGIAEGKIEMggQABiABBiiBEj1ElDtCFj3C3ABeAGQAQCYAeoCoAGYBaoBAzMtMrgBA8gBAPgBAZgCA6ACowXCAgoQABiwAxjWBBhHwgIIEAAYBxgIGB7CAgoQABgHGAgYHhgPwgILEAAYgAQYhgMYigWYAwCIBgGQBgiSBwUxLjMtMqAHsQk&sclient=gws-wiz-serp,"879,676",https://www.google.com/search?q=2018+san+francisco+population&sca_esv=81d5b100b0acc6c3&sca_upv=1&sxsrf=ADLYWILPGSMa3nTGsu-X0zgXXq5t4eO_FQ%3A1723412438022&ei=1i-5Zq9786yFsg_mxvXBBg&ved=0ahUKEwivvq3R8-2HAxVzVkEAHWZjPWgQ4dUDCBA&uact=5&oq=2018+san+francisco+population&gs_lp=Egxnd3Mtd2l6LXNlcnAiHTIwMTggc2FuIGZyYW5jaXNjbyBwb3B1bGF0aW9uMgYQABgIGB4yCxAAGIAEGIYDGIoFMggQABiiBBiJBTIIEAAYgAQYogQyCBAAGKIEGIkFMggQABiABBiiBEiftgFQqC9Y-6sBcAZ4AZABAJgB_gKgAZgtqgEGMi0xMi43uAEDyAEA-AEBmAIToALEHsICChAAGLADGNYEGEfCAggQIRigARjDBMICCBAAGAgYDRgemAMAiAYBkAYIkgcHNi4wLjkuNKAHkWg&sclient=gws-wiz-serp
Sacramento,"492,284",https://www.google.com/search?q=2016+sacramento+population&sca_esv=81d5b100b0acc6c3&sca_upv=1&sxsrf=ADLYWIKczCGgo9glUDv3xrP_W7WFw-KmjA%3A1723412815746&ei=TzG5ZoSlLaC2hbIPlsTqqQY&ved=0ahUKEwjEiLyF9e2HAxUgW0EAHRaiOmUQ4dUDCBA&uact=5&oq=2016+sacramento+population&gs_lp=Egxnd3Mtd2l6LXNlcnAiGjIwMTYgc2FjcmFtZW50byBwb3B1bGF0aW9uMggQABgIGB4YDzILEAAYgAQYhgMYigUyCxAAGIAEGIYDGIoFMggQABiABBiiBDIIEAAYgAQYogQyCBAAGIAEGKIEMggQABiABBiiBDIIEAAYgAQYogRIi0BQxRFYjDxwAngBkAEAmAHLAqABhS2qAQYyLTE4LjK4AQPIAQD4AQGYAgagAoEJwgIKEAAYsAMY1gQYR8ICChAAGAcYCBgeGA_CAggQABiiBBiJBcICCBAhGKABGMMEwgIIEAAYBxgIGB6YAwCIBgGQBgiSBwUyLjAuNKAHjGo&sclient=gws-wiz-serp,"498,386",https://www.google.com/search?q=2017+sacramento+population&sca_esv=81d5b100b0acc6c3&sca_upv=1&sxsrf=ADLYWIIhodpeb3IQOiz8XlixwX3bYbIQXg%3A1723412889911&ei=mTG5ZqCrN8y2hbIPrrLxkAc&ved=0ahUKEwjg2-qo9e2HAxVMW0EAHS5ZHHIQ4dUDCBA&uact=5&oq=2017+sacramento+population&gs_lp=Egxnd3Mtd2l6LXNlcnAiGjIwMTcgc2FjcmFtZW50byBwb3B1bGF0aW9uMggQABiABBiiBDIIEAAYgAQYogQyCBAAGIAEGKIEMggQABiABBiiBDIIEAAYgAQYogRI6wtQzgJYsAZwAXgBkAEAmAHIAqAB8wSqAQUyLTEuMbgBA8gBAPgBAZgCA6AC_ATCAgoQABiwAxjWBBhHwgIKEAAYBxgIGB4YD8ICCxAAGIAEGIYDGIoFmAMAiAYBkAYIkgcFMS4zLTKgB4EL&sclient=gws-wiz-serp,"504,185",https://www.google.com/search?q=2018+sacramento+population&sca_esv=81d5b100b0acc6c3&sca_upv=1&sxsrf=ADLYWILI-PxNMdff4GzNG5-qlpAM9L5-Lw%3A1723412920455&ei=uDG5ZpvBG8uihbIP9tz28QM&ved=0ahUKEwib_bK39e2HAxVLUUEAHXauPT4Q4dUDCBA&uact=5&oq=2018+sacramento+population&gs_lp=Egxnd3Mtd2l6LXNlcnAiGjIwMTggc2FjcmFtZW50byBwb3B1bGF0aW9uMggQABiABBiiBDIIEAAYgAQYogQyCBAAGIAEGKIEMggQABiABBiiBDIIEAAYgAQYogRIoosBUKCDAVjkhgFwAXgBkAEAmAG3AqAB2gSqAQUyLTEuMbgBA8gBAPgBAZgCA6AC4wTCAgoQABiwAxjWBBhHwgIKEAAYBxgIGB4YD8ICCxAAGIAEGIYDGIoFmAMAiAYBkAYIkgcHMS4wLjEuMaAH4go&sclient=gws-wiz-serp
Pittsburgh,"304,789",https://www.google.com/search?q=2016+pittsburgh+population&sca_esv=81d5b100b0acc6c3&sca_upv=1&sxsrf=ADLYWILpnCtpRMKg8FzwUnULxCszcIAHsw%3A1723413084490&ei=XDK5ZpbYHcuihbIP9tz28QM&ved=0ahUKEwiW9s6F9u2HAxVLUUEAHXauPT4Q4dUDCBA&uact=5&oq=2016+pittsburgh+population&gs_lp=Egxnd3Mtd2l6LXNlcnAiGjIwMTYgcGl0dHNidXJnaCBwb3B1bGF0aW9uMggQABiiBBiJBTIIEAAYgAQYogQyCBAAGIAEGKIEMggQABiABBiiBDIIEAAYogQYiQVIlhNQ_glYyA9wAXgBkAEAmAHIAqAB8ASqAQUyLTEuMbgBA8gBAPgBAZgCA6AC_ATCAgoQABiwAxjWBBhHwgIIEAAYBxgeGA_CAgoQABgHGAgYHhgPwgILEAAYgAQYhgMYigWYAwCIBgGQBgiSBwUxLjMtMqAH5wg&sclient=gws-wiz-serp,"301,606",https://www.google.com/search?q=2017+pittsburgh+population&sca_esv=81d5b100b0acc6c3&sca_upv=1&sxsrf=ADLYWIKhzvJUvcizHT-MJ7pP8dOiT8z-0g%3A1723413031837&ei=JzK5ZtzuMt-5hbIPsMLp8Qs&ved=0ahUKEwicnsHs9e2HAxXfXEEAHTBhOr4Q4dUDCBA&uact=5&oq=2017+pittsburgh+population&gs_lp=Egxnd3Mtd2l6LXNlcnAiGjIwMTcgcGl0dHNidXJnaCBwb3B1bGF0aW9uMgoQABiwAxjWBBhHMgoQABiwAxjWBBhHMgoQABiwAxjWBBhHMgoQABiwAxjWBBhHMgoQABiwAxjWBBhHMgoQABiwAxjWBBhHMgoQABiwAxjWBBhHMgoQABiwAxjWBBhHSI4PUKoMWK0McAF4AZABAJgBrwKgAa8CqgEDMy0xuAEDyAEA-AEBmAIBoAIJmAMAiAYBkAYIkgcBMaAHtAU&sclient=gws-wiz-serp,"300,669",https://www.google.com/search?q=2018+pittsburgh+population&sca_esv=81d5b100b0acc6c3&sca_upv=1&sxsrf=ADLYWIK-RuFIs1ShrdvDAVXyOEAc0nAXKw%3A1723412968391&ei=6DG5Zs_OF96ihbIPvum-WA&ved=0ahUKEwjP4qDO9e2HAxVeUUEAHb60DwsQ4dUDCBA&uact=5&oq=2018+pittsburgh+population&gs_lp=Egxnd3Mtd2l6LXNlcnAiGjIwMTggcGl0dHNidXJnaCBwb3B1bGF0aW9uMggQIRigARjDBDIIECEYoAEYwwRIsY8BUN8HWPJ7cAR4AJABAJgBxgKgAfIfqgEGMi0xMC40uAEDyAEA-AEBmAIPoALHGcICChAAGLADGNYEGEfCAgYQABgHGB7CAgoQABgHGAgYChgewgIIEAAYBxgIGB7CAgoQIRigARjDBBgKmAMAiAYBkAYIkgcHNC4wLjcuNKAHlkE&sclient=gws-wiz-serp
Washington,7.3 million,https://www.google.com/search?q=2016+washington+population&sca_esv=81d5b100b0acc6c3&sca_upv=1&sxsrf=ADLYWIL2eDBE2i52zd29-1lXxnuAMl4sLw%3A1723413123254&ei=gzK5ZrSdD6mehbIP2YaJgQs&ved=0ahUKEwj06oyY9u2HAxUpT0EAHVlDIrAQ4dUDCBA&uact=5&oq=2016+washington+population&gs_lp=Egxnd3Mtd2l6LXNlcnAiGjIwMTYgd2FzaGluZ3RvbiBwb3B1bGF0aW9uMggQABgIGB4YDzIIEAAYgAQYogQyCBAAGIAEGKIEMggQABiABBiiBDIIEAAYgAQYogQyCBAAGIAEGKIESOk5UMsOWNoycAF4AZABAJgBuwKgAfYsqgEGMi0xOC4yuAEDyAEA-AEBmAIGoAKaC8ICChAAGLADGNYEGEfCAggQABgHGAgYHsICCxAAGIAEGIYDGIoFwgIGEAAYBxgewgIKEAAYBxgIGB4YD5gDAIgGAZAGCJIHBTEuMC41oAeieg&sclient=gws-wiz-serp,7.428 million,https://www.google.com/search?q=2017+washington+population&sca_esv=81d5b100b0acc6c3&sca_upv=1&sxsrf=ADLYWIJLKVIIzeBhtlD-wDhrVLOk3OOH6w%3A1723413158310&ei=pjK5ZtvXEvW6hbIPlubp4QY&ved=0ahUKEwjbwuio9u2HAxV1XUEAHRZzOmwQ4dUDCBA&uact=5&oq=2017+washington+population&gs_lp=Egxnd3Mtd2l6LXNlcnAiGjIwMTcgd2FzaGluZ3RvbiBwb3B1bGF0aW9uMggQABiiBBiJBTIIEAAYgAQYogQyCBAAGIAEGKIEMggQABiABBiiBDIIEAAYgAQYogRI0hZQjAxY3A5wAXgBkAEAmAH5AqABmwWqAQUyLTEuMbgBA8gBAPgBAZgCA6ACpgXCAgoQABiwAxjWBBhHwgIIEAAYBxgeGA_CAggQABgHGAgYHsICChAAGAcYCBgeGA-YAwCIBgGQBgiSBwcxLjAuMS4xoAfsCw&sclient=gws-wiz-serp,7.527 million,https://www.google.com/search?q=2018+washington+population&sca_esv=81d5b100b0acc6c3&sca_upv=1&sxsrf=ADLYWIKak0LBZzsuxQmfsbgpVZNU_7mInw%3A1723413201677&ei=0TK5Zpn8KJTOhbIP466IsQs&ved=0ahUKEwjZqL-99u2HAxUUZ0EAHWMXIrYQ4dUDCBA&uact=5&oq=2018+washington+population&gs_lp=Egxnd3Mtd2l6LXNlcnAiGjIwMTggd2FzaGluZ3RvbiBwb3B1bGF0aW9uMggQABiiBBiJBTIIEAAYgAQYogQyCBAAGIAEGKIEMggQABiiBBiJBTIIEAAYgAQYogRIkAxQ2ARY8QdwAXgBkAEAmAG2AqAB0wSqAQUyLTEuMbgBA8gBAPgBAZgCA6AC3QTCAgoQABiwAxjWBBhHwgIIEAAYBxgeGA_CAggQABgHGAgYHsICChAAGAcYCBgeGA-YAwCIBgGQBgiSBwcxLjAuMS4xoAfRCw&sclient=gws-wiz-serp
Nashville,"692,587",https://www.google.com/search?q=2018+nashville+population&sca_esv=81d5b100b0acc6c3&sca_upv=1&sxsrf=ADLYWIJPSal9wpCoDcfORsRSWjlkQZWxNQ%3A1723413308083&ei=PDO5ZqzrBOyxhbIP6YP1-Qg&ved=0ahUKEwis-Z3w9u2HAxXsWEEAHelBPY8Q4dUDCBA&uact=5&oq=2018+nashville+population&gs_lp=Egxnd3Mtd2l6LXNlcnAiGTIwMTggbmFzaHZpbGxlIHBvcHVsYXRpb24yBBAjGCcyBhAAGAgYHjILEAAYgAQYhgMYigUyCxAAGIAEGIYDGIoFMgsQABiABBiGAxiKBTILEAAYgAQYhgMYigUyCBAAGIAEGKIEMggQABiABBiiBDIIEAAYgAQYogRIxBlQ4AtYphZwAXgBkAEAmAGwAqAB0QSqAQUyLTEuMbgBA8gBAPgBAZgCA6AC2wTCAgoQABiwAxjWBBhHwgIIEAAYBxgIGB6YAwCIBgGQBgiSBwcxLjAuMS4xoAeVDA&sclient=gws-wiz-serp,"689,006",https://www.google.com/search?q=2017+nashville+population&sca_esv=81d5b100b0acc6c3&sca_upv=1&sxsrf=ADLYWIJLYGEC8yHff1WDkhdWDyOmFFxjfg%3A1723413276144&ei=HDO5ZrjDCLCNhbIP9vrBkQ4&ved=0ahUKEwi4wYDh9u2HAxWwRkEAHXZ9MOIQ4dUDCBA&uact=5&oq=2017+nashville+population&gs_lp=Egxnd3Mtd2l6LXNlcnAiGTIwMTcgbmFzaHZpbGxlIHBvcHVsYXRpb24yCBAAGIAEGKIEMggQABiABBiiBDIIEAAYgAQYogQyCBAAGIAEGKIEMggQABiiBBiJBUjpJlCnF1jbHHADeAGQAQCYAbUCoAHcBKoBBTItMS4xuAEDyAEA-AEBmAIFoALpBMICChAAGLADGNYEGEfCAggQABgHGAgYHsICCxAAGIAEGIYDGIoFmAMAiAYBkAYIkgcHMy4wLjEuMaAHzwk&sclient=gws-wiz-serp,"692,587",https://www.google.com/search?q=2018+nashville+population&sca_esv=81d5b100b0acc6c3&sca_upv=1&sxsrf=ADLYWIIP71BSJ3ufKMMS7XhMNAjGqmGOLQ%3A1723413230175&ei=7jK5ZrO1CuiphbIPwfm4UQ&ved=0ahUKEwiz5IrL9u2HAxXoVEEAHcE8LgoQ4dUDCBA&uact=5&oq=2018+nashville+population&gs_lp=Egxnd3Mtd2l6LXNlcnAiGTIwMTggbmFzaHZpbGxlIHBvcHVsYXRpb24yBhAAGAgYHjILEAAYgAQYhgMYigUyCxAAGIAEGIYDGIoFMgsQABiABBiGAxiKBTIIEAAYgAQYogQyCBAAGIAEGKIEMggQABiABBiiBEjmeFDZGlimOnABeAGQAQCYAcIDoAH5LKoBCDItMTQuNC4xuAEDyAEA-AEBmAIEoALvBsICChAAGLADGNYEGEfCAgYQABgHGB7CAggQABgHGAgYHsICCBAAGKIEGIkFmAMAiAYBkAYIkgcHMS4wLjIuMaAH-YEB&sclient=gws-wiz-serp
Boston,"680,218",https://www.google.com/search?q=2016+boston+population&sca_esv=81d5b100b0acc6c3&sca_upv=1&sxsrf=ADLYWIL5LQuWH7SQfRf-EO6GaEGbIMpzPQ%3A1723413913532&ei=mTW5ZsWcIOnPhbIPoP7F-QQ&ved=0ahUKEwiFzfeQ-e2HAxXpZ0EAHSB_MU8Q4dUDCBA&uact=5&oq=2016+boston+population&gs_lp=Egxnd3Mtd2l6LXNlcnAiFjIwMTYgYm9zdG9uIHBvcHVsYXRpb24yCBAAGAgYHhgPMgsQABiABBiGAxiKBTIIEAAYgAQYogQyCBAAGIAEGKIEMggQABiABBiiBDIIEAAYgAQYogRItH1Q_nFY_3dwAngBkAEAmAGmAqABygSqAQMyLTK4AQPIAQD4AQGYAgSgAtMEwgIKEAAYsAMY1gQYR8ICCBAAGAcYCBgewgIKEAAYBxgIGB4YD5gDAIgGAZAGCJIHBTIuMC4yoAfxCg&sclient=gws-wiz-serp,"688,239",https://www.google.com/search?q=2017+boston+population&sca_esv=81d5b100b0acc6c3&sca_upv=1&sxsrf=ADLYWIKERkemes63AuqJcApYSrC-z4GsnQ%3A1723413872170&ei=cDW5ZrGKCqSzhbIPoNb8yAQ&ved=0ahUKEwixgpv9-O2HAxWkWUEAHSArH0kQ4dUDCBA&uact=5&oq=2017+boston+population&gs_lp=Egxnd3Mtd2l6LXNlcnAiFjIwMTcgYm9zdG9uIHBvcHVsYXRpb24yCBAAGIAEGKIEMggQABiABBiiBDIIEAAYgAQYogRIy9EBUKmyAViSzAFwBHgBkAEBmAHrAqABkgqqAQUyLTEuM7gBA8gBAPgBAZgCB6ACvwfCAgoQABiwAxjWBBhHwgIIEAAYogQYiQXCAggQABgHGAgYHsICChAAGAcYCBgeGA_CAgsQABiABBiGAxiKBZgDAIgGAZAGCJIHBzQuMC4xLjKgB9MN&sclient=gws-wiz-serp,"692,048",https://www.google.com/search?q=2018+boston+population&sca_esv=81d5b100b0acc6c3&sca_upv=1&sxsrf=ADLYWIJLYGEC8yHff1WDkhdWDyOmFFxjfg%3A1723413276144&ei=HDO5ZrjDCLCNhbIP9vrBkQ4&ved=0ahUKEwi4wYDh9u2HAxWwRkEAHXZ9MOIQ4dUDCBA&uact=5&oq=2018+boston+population&gs_lp=Egxnd3Mtd2l6LXNlcnAiFjIwMTggYm9zdG9uIHBvcHVsYXRpb24yCBAhGKABGMMEMggQIRigARjDBDIIECEYoAEYwwRIhZgeUNs3WKuOHnACeAGQAQCYAdADoAGxJKoBCDItMTAuNC4xuAEDyAEA-AEBmAIGoAKCCcICChAAGLADGNYEGEfCAgYQABgHGB7CAgoQIRigARjDBBgKmAMAiAYBkAYIkgcHMi4wLjMuMaAHumg&sclient=gws-wiz-serp
